{
  "width": 406,
  "height": 263,
  "cx": [
    [ "ADMINISTRATEUR", 70 ],
    [ "EMPLOYE parent #1", 186 ],
    [ "EMPLOYE", 348 ],
    [ "SUPER-ADMINISTRATEUR", 186 ],
    [ "ENTRETENIR", 348 ],
    [ "LIGUE", 348 ]
  ],
  "cy": [
    [ "ADMINISTRATEUR", 43 ],
    [ "EMPLOYE parent #1", 43 ],
    [ "EMPLOYE", 43 ],
    [ "SUPER-ADMINISTRATEUR", 136 ],
    [ "ENTRETENIR", 136 ],
    [ "LIGUE", 220 ]
  ],
  "shift": [
    [ "ENTRETENIR,EMPLOYE,0", 0 ],
    [ "ENTRETENIR,LIGUE,0", 0 ]
  ],
  "ratio": [
    [ "EMPLOYE parent #1 / EMPLOYE", 1.0 ]
  ]
}
